Site,date,mean_daily
SWQM-16396,2020-03-03,7.823202044116322
SWQM-16396,2020-03-04,24.44388760005293
SWQM-16396,2020-03-05,29.473057168248978
SWQM-16396,2020-03-06,13.38611561771639
SWQM-16396,2020-03-07,10.241470456930362
SWQM-16396,2020-03-08,9.106814843185722
SWQM-16396,2020-03-09,9.750939164851225
SWQM-16396,2020-03-10,11.796963262067791
SWQM-16396,2020-03-11,10.50155338758052
SWQM-16396,2020-03-12,9.801054827728235
SWQM-16396,2020-03-13,9.325230036871389
SWQM-16396,2020-03-14,8.81676327741556
SWQM-16396,2020-03-15,8.653289212556016
SWQM-16396,2020-03-16,8.635650091712625
SWQM-16396,2020-03-17,8.749420150231074
SWQM-16396,2020-03-18,8.682668292537137
SWQM-16396,2020-03-19,8.233386593493554
SWQM-16396,2020-03-20,26.000148313156874
SWQM-16396,2020-03-21,57.76545031054085
SWQM-16396,2020-03-22,276.97191934083463
SWQM-16396,2020-03-23,41.35075064532862
SWQM-16396,2020-03-24,19.87941392123462
SWQM-16396,2020-03-25,13.755044913593713
SWQM-16396,2020-03-26,12.576619454886282
SWQM-16396,2020-03-27,11.052961009420047
SWQM-16396,2020-03-28,10.568734808503864
SWQM-16396,2020-03-29,9.729277828993402
SWQM-16396,2020-03-30,8.863156296588105
SWQM-16396,2020-03-31,9.147863464065964
SWQM-16396,2020-04-01,8.693037597555051
SWQM-16396,2020-04-02,8.634912306730927
SWQM-16396,2020-04-03,18.86328160647619
SWQM-16396,2020-04-04,192.54262629367057
SWQM-16396,2020-04-05,52.734925167067246
SWQM-16396,2020-04-06,22.71155754906298
SWQM-16396,2020-04-07,16.14814621461797
SWQM-16396,2020-04-08,14.105887981081366
SWQM-16396,2020-04-09,38.06920243672976
SWQM-16396,2020-04-10,136.29514224342944
SWQM-16396,2020-04-11,24.77452879282293
SWQM-16396,2020-04-12,14.328756156683742
SWQM-16396,2020-04-13,12.677119799967585
SWQM-16396,2020-04-14,12.17631152375242
SWQM-16396,2020-04-15,11.180313910746849
SWQM-16396,2020-04-16,9.94642932100251
SWQM-16396,2020-04-17,9.43061225550135
SWQM-16396,2020-04-18,9.036348642182665
SWQM-16396,2020-04-19,8.89731888761634
SWQM-16396,2020-04-20,8.915539632508715
SWQM-16396,2020-04-21,8.519197111419176
SWQM-16396,2020-04-22,24.50288140120421
SWQM-16396,2020-04-23,143.36485700925692
SWQM-16396,2020-04-24,22.1187587552913
SWQM-16396,2020-04-25,13.847400497682381
SWQM-16396,2020-04-26,11.987472779223875
SWQM-16396,2020-04-27,11.434154222154154
SWQM-16396,2020-04-28,11.065192369631415
SWQM-16396,2020-04-29,30.244527049387322
SWQM-16396,2020-04-30,17.3474606166669
SWQM-16396,2020-05-01,13.064948255959342
SWQM-16396,2020-05-02,11.785718017672567
SWQM-16396,2020-05-03,9.805516520403176
SWQM-16396,2020-05-04,8.769577645581503
SWQM-16396,2020-05-05,9.515688187265892
SWQM-16396,2020-05-06,11.00203381171853
SWQM-16396,2020-05-07,9.257531045954133
SWQM-16396,2020-05-08,7.946262447885903
SWQM-16396,2020-05-09,7.360452624043147
SWQM-16396,2020-05-10,7.634019924493096
SWQM-16396,2020-05-11,7.446511612069687
SWQM-16396,2020-05-12,56.69263255957187
SWQM-16396,2020-05-13,114.80402411886459
SWQM-16396,2020-05-14,15.274238449264521
SWQM-16396,2020-05-15,9.06507837124191
SWQM-16396,2020-05-16,63.57503378484747
SWQM-16396,2020-05-17,23.269542295185026
SWQM-16396,2020-05-18,11.038042560236402
SWQM-16396,2020-05-19,8.439856889001057
SWQM-16396,2020-05-20,7.745199985471423
SWQM-16396,2020-05-21,7.301219792230059
SWQM-16396,2020-05-22,7.223086526242203
SWQM-16396,2020-05-23,6.491572595363563
SWQM-16396,2020-05-24,6.20991422950778
SWQM-16396,2020-05-25,12.454868360835158
SWQM-16396,2020-05-26,9.480801367174266
SWQM-16396,2020-05-27,176.06798670958605
SWQM-16396,2020-05-28,486.61520899901586
SWQM-16396,2020-05-29,33.88918437201485
SWQM-16396,2020-05-30,13.579420580260683
SWQM-16396,2020-05-31,10.07912006661024
SWQM-16396,2020-06-01,9.152833327299877
SWQM-16396,2020-06-02,8.733423686139131
SWQM-16396,2020-06-03,8.628669872964132
SWQM-16396,2020-06-04,8.328423843337491
SWQM-16396,2020-06-05,8.468945643725458
SWQM-16396,2020-06-06,7.704595876858471
SWQM-16396,2020-06-07,7.76483656501315
SWQM-16396,2020-06-08,7.759573458945034
SWQM-16396,2020-06-09,7.489284418558962
SWQM-16396,2020-06-10,7.078209307153775
SWQM-16396,2020-06-11,7.446494140404566
SWQM-16396,2020-06-12,7.2280055647792
SWQM-16396,2020-06-13,6.726420931047694
SWQM-16396,2020-06-14,6.289746348672483
SWQM-16396,2020-06-15,6.752532210973373
SWQM-16396,2020-06-16,9.419418610849013
SWQM-16396,2020-06-17,8.846056529089276
SWQM-16396,2020-06-18,8.100027712476527
SWQM-16396,2020-06-19,8.589864128759714
SWQM-16396,2020-06-20,20.20804222175866
SWQM-16396,2020-06-21,12.67212560262498
SWQM-16396,2020-06-22,13.764056489149196
SWQM-16396,2020-06-23,11.275318604146188
SWQM-16396,2020-06-24,76.89412620410855
SWQM-16396,2020-06-25,19.3171065535693
SWQM-16396,2020-06-26,16.958136747981385
SWQM-16396,2020-06-27,10.880284878267384
SWQM-16396,2020-06-28,10.014925921315541
SWQM-16396,2020-06-29,9.428680889696217
SWQM-16396,2020-06-30,9.0977273253716735
SWQM-16396,2020-07-01,9.157041294642648
SWQM-16396,2020-07-02,9.548607850469017
SWQM-16396,2020-07-03,9.325019816540586
SWQM-16396,2020-07-04,9.336612971377795
SWQM-16396,2020-07-05,10.069766398193144
SWQM-16396,2020-07-06,10.512454964398243
SWQM-16396,2020-07-07,10.547197663175206
SWQM-16396,2020-07-08,11.14130961759322
SWQM-16396,2020-07-09,11.088057917116789
SWQM-16396,2020-07-10,11.367977721072682
SWQM-16396,2020-07-11,12.557520069049708
SWQM-16396,2020-07-12,12.555949624810916
SWQM-16396,2020-07-13,12.708504805519153
SWQM-16396,2020-07-14,8.566690076783175
SWQM-16396,2020-07-15,9.048792203115678
SWQM-16396,2020-07-16,9.127864590763966
SWQM-16396,2020-07-17,9.158660146602696
SWQM-16396,2020-07-18,8.58274874431513
SWQM-16396,2020-07-19,7.940729626068533
SWQM-16396,2020-07-20,7.995112879822484
SWQM-16396,2020-07-21,8.315691718006134
SWQM-16396,2020-07-22,8.671987753957747
SWQM-16396,2020-07-23,8.544628144539468
SWQM-16396,2020-07-24,8.236048450582988
SWQM-16396,2020-07-25,7.8358750133451425
SWQM-16396,2020-07-26,8.722742594074056
SWQM-16396,2020-07-27,24.080813737011393
SWQM-16396,2020-07-28,8.312465219766134
SWQM-16396,2020-07-29,7.423571115097116
SWQM-16396,2020-07-30,7.81242220499869
SWQM-16396,2020-07-31,NA
SWQM-16396,2020-08-01,NA
SWQM-16396,2020-08-02,NA
SWQM-16396,2020-08-03,NA
SWQM-16396,2020-08-04,NA
SWQM-16396,2020-08-05,NA
SWQM-16396,2020-08-06,6.486338063086012
SWQM-16396,2020-08-07,7.012415764460823
SWQM-16396,2020-08-08,7.393266428023595
SWQM-16396,2020-08-09,6.964225303592796
SWQM-16396,2020-08-10,6.9205963979589695
SWQM-16396,2020-08-11,7.0645957277411044
SWQM-16396,2020-08-12,6.995318049274685
SWQM-16396,2020-08-13,6.985323845014178
SWQM-16396,2020-08-14,7.130308234247848
SWQM-16396,2020-08-15,6.71724669672005
SWQM-16396,2020-08-16,6.57004183255175
SWQM-16396,2020-08-17,6.6864546950873045
SWQM-16396,2020-08-18,7.016635861815699
SWQM-16396,2020-08-19,6.616310901136519
SWQM-16396,2020-08-20,6.5224252737097315
SWQM-16396,2020-08-21,6.357185149921467
SWQM-16396,2020-08-22,6.634528785259045
SWQM-16396,2020-08-23,6.33498140361852
SWQM-16396,2020-08-24,6.237943082023016
SWQM-16396,2020-08-25,6.336739702939157
SWQM-16396,2020-08-26,6.817678300034259
SWQM-16396,2020-08-27,6.8992246429529445
SWQM-16396,2020-08-28,6.9265940181993875
SWQM-16396,2020-08-29,6.709704642333541
SWQM-16396,2020-08-30,7.061570561599079
SWQM-16396,2020-08-31,7.238745982917471
SWQM-16396,2020-09-01,7.14360212670257
SWQM-16396,2020-09-02,6.735782935298807
SWQM-16396,2020-09-03,12.272094775882305
SWQM-16396,2020-09-04,28.609222826395065
SWQM-16396,2020-09-05,34.572629292445754
SWQM-16396,2020-09-06,21.522402158836087
SWQM-16396,2020-09-07,9.914740631482315
SWQM-16396,2020-09-08,8.641497035531456
SWQM-16396,2020-09-09,11.425278695409562
SWQM-16396,2020-09-10,65.03943831542993
SWQM-16396,2020-09-11,13.920490429230524
SWQM-16396,2020-09-12,8.993967235019067
SWQM-16396,2020-09-13,8.155934350088891
SWQM-16396,2020-09-14,7.687643164158885
SWQM-16396,2020-09-15,7.767601909682781
SWQM-16396,2020-09-16,7.471070788832141
SWQM-16396,2020-09-17,7.029186326050188
SWQM-16396,2020-09-18,23.539215401417472
SWQM-16396,2020-09-19,8.171841059458451
SWQM-16396,2020-09-20,7.106544979273097
SWQM-16396,2020-09-21,7.335406411178159
SWQM-16396,2020-09-22,19.579232318149266
SWQM-16396,2020-09-23,43.20207058545009
SWQM-16396,2020-09-24,12.086402210841264
SWQM-16396,2020-09-25,8.562443922730393
SWQM-16396,2020-09-26,7.481773915016829
SWQM-16396,2020-09-27,7.193596292572084
SWQM-16396,2020-09-28,6.899479605056147
SWQM-16396,2020-09-29,7.043490221226807
SWQM-16396,2020-09-30,6.9076319604496375
SWQM-16396,2020-10-01,6.619360645331782
SWQM-16396,2020-10-02,6.647085420792332
SWQM-16396,2020-10-03,6.622193779524508
SWQM-16396,2020-10-04,6.738376606505743
SWQM-16396,2020-10-05,6.829203965066867
SWQM-16396,2020-10-06,6.6121241489656315
SWQM-16396,2020-10-07,6.5225245277989
SWQM-16396,2020-10-08,6.261554407673379
SWQM-16396,2020-10-09,7.06020298867402
SWQM-16396,2020-10-10,6.762085730897185
SWQM-16396,2020-10-11,6.2948568941121135
SWQM-16396,2020-10-12,6.297364613934172
SWQM-16396,2020-10-13,6.9287161900877905
SWQM-16396,2020-10-14,6.48154491167311
SWQM-16396,2020-10-15,6.601880932318912
SWQM-16396,2020-10-16,6.723603121982594
SWQM-16396,2020-10-17,6.301200233274329
SWQM-16396,2020-10-18,6.529698935345817
SWQM-16396,2020-10-19,6.888413404868127
SWQM-16396,2020-10-20,6.583752872823526
SWQM-16396,2020-10-21,6.411223028789577
SWQM-16396,2020-10-22,6.2391080819498335
SWQM-16396,2020-10-23,11.725982326979626
SWQM-16396,2020-10-24,15.328477952282501
SWQM-16396,2020-10-25,7.730746860130872
SWQM-16396,2020-10-26,7.412531295083174
SWQM-16396,2020-10-27,7.412755194624138
SWQM-16396,2020-10-28,7.943210853251337
SWQM-16396,2020-10-29,9.69001193757754
SWQM-16396,2020-10-30,8.00029655501209
SWQM-16396,2020-10-31,7.412381530942379
SWQM-16396,2020-11-01,6.878159185438158
SWQM-16396,2020-11-02,7.337435382192725
SWQM-16396,2020-11-03,6.961347298756436
SWQM-16396,2020-11-04,6.59358131533956
SWQM-16396,2020-11-05,6.552439184086997
SWQM-16396,2020-11-06,6.642111809933014
SWQM-16396,2020-11-07,6.670688409434245
SWQM-16396,2020-11-08,6.482342679498588
SWQM-16396,2020-11-09,6.38703232434575
SWQM-16396,2020-11-10,7.127017453742245
SWQM-16396,2020-11-11,7.093832797968284
SWQM-16396,2020-11-12,7.089360457900694
SWQM-16396,2020-11-13,7.060414757396524
SWQM-16396,2020-11-14,6.708711726424129
SWQM-16396,2020-11-15,7.300131638724941
SWQM-16396,2020-11-16,7.410053951104668
SWQM-16396,2020-11-17,7.55361564875294
SWQM-16396,2020-11-18,6.988520835089547
SWQM-16396,2020-11-19,6.929188230243958
SWQM-16396,2020-11-20,6.4451742810009875
SWQM-16396,2020-11-21,6.33190948962015
SWQM-16396,2020-11-22,6.289321042348875
SWQM-16396,2020-11-23,8.483280982644175
SWQM-16396,2020-11-24,7.719389028894677
SWQM-16396,2020-11-25,8.6443939209718
SWQM-16396,2020-11-26,7.778856569722042
SWQM-16396,2020-11-27,7.5608840711331
SWQM-16396,2020-11-28,8.10217568567604
SWQM-16396,2020-11-29,9.50144606464421
SWQM-16396,2020-11-30,8.859032838643719
SWQM-16396,2020-12-01,7.251752742860871
SWQM-16396,2020-12-02,7.305537873182192
SWQM-16396,2020-12-03,7.66593145435127
SWQM-16396,2020-12-04,6.8111734173298455
SWQM-16396,2020-12-05,6.165950907299923
SWQM-16396,2020-12-06,6.4189153111125385
SWQM-16396,2020-12-07,6.524664031181078
SWQM-16396,2020-12-08,6.52149522719884
SWQM-16396,2020-12-09,6.631068699097874
SWQM-16396,2020-12-10,6.633204091593847
SWQM-16396,2020-12-11,7.935090273280516
SWQM-16396,2020-12-12,10.474899761899252
SWQM-16396,2020-12-13,6.228640292157401
SWQM-16396,2020-12-14,9.75134531443374
SWQM-16396,2020-12-15,8.925356526780886
SWQM-16396,2020-12-16,8.920958839118228
SWQM-16396,2020-12-17,8.573795439093614
SWQM-16396,2020-12-18,8.320079289824418
SWQM-16396,2020-12-19,121.18471218254227
SWQM-16396,2020-12-20,35.15003274941799
SWQM-16396,2020-12-21,12.426338139560238
SWQM-16396,2020-12-22,9.569099554408762
SWQM-16396,2020-12-23,8.739396111605016
SWQM-16396,2020-12-24,8.899734048166488
SWQM-16396,2020-12-25,8.647828326485493
SWQM-16396,2020-12-26,7.860993393526273
SWQM-16396,2020-12-27,7.294419752988524
SWQM-16396,2020-12-28,7.698267626911601
SWQM-16396,2020-12-29,8.21122002771587
SWQM-16396,2020-12-30,8.514990147225806
SWQM-16396,2020-12-31,317.49303462303976
SWQM-16396,2021-01-01,89.72198945572497
SWQM-16396,2021-01-02,16.660268606551927
SWQM-16396,2021-01-03,11.042503628534485
SWQM-16396,2021-01-04,9.5314836740975
SWQM-16396,2021-01-05,9.789746167033549
SWQM-16396,2021-01-06,144.21741261303683
SWQM-16396,2021-01-07,137.46056482380416
SWQM-16396,2021-01-08,20.245923876120653
SWQM-16396,2021-01-09,11.88106993834342
SWQM-16396,2021-01-10,77.72559895350496
SWQM-16396,2021-01-11,188.14117118055051
SWQM-16396,2021-01-12,99.1571250396349
SWQM-16396,2021-01-13,41.38451733922795
SWQM-16396,2021-01-14,23.342405089282476
SWQM-16396,2021-01-15,15.005248772864226
SWQM-16396,2021-01-16,12.395055843179062
SWQM-16396,2021-01-17,11.499122157026349
SWQM-16396,2021-01-18,10.950807088514008
SWQM-16396,2021-01-19,11.183073926468845
SWQM-16396,2021-01-20,11.305324555026411
SWQM-16396,2021-01-21,10.629815027799381
SWQM-16396,2021-01-22,11.201124758611547
SWQM-16396,2021-01-23,11.14236136081265
SWQM-16396,2021-01-24,11.282419861285224
SWQM-16396,2021-01-25,11.88753469890869
SWQM-16396,2021-01-26,12.155869987714581
SWQM-16396,2021-01-27,11.39620721507287
SWQM-16396,2021-01-28,11.32389860531549
SWQM-16396,2021-01-29,10.621403233921745
SWQM-16396,2021-01-30,10.93996533484297
SWQM-16396,2021-01-31,11.27549496709999
SWQM-16396,2021-02-01,11.253710927540313
SWQM-16396,2021-02-02,10.939806137352427
SWQM-16396,2021-02-03,10.539787857195837
SWQM-16396,2021-02-04,9.851245271984547
SWQM-16396,2021-02-05,9.768563334357081
SWQM-16396,2021-02-06,8.760858346728863
SWQM-16396,2021-02-07,9.023564108450351
SWQM-16396,2021-02-08,8.438633602933313
SWQM-16396,2021-02-09,9.110524771821268
SWQM-16396,2021-02-10,8.875803842902503
SWQM-16396,2021-02-11,8.73722914664375
SWQM-16396,2021-02-12,9.07460635922176
SWQM-16396,2021-02-13,8.903484368399019
SWQM-16396,2021-02-14,8.291782939545033
SWQM-16396,2021-02-15,7.682998899171962
SWQM-16396,2021-02-16,8.212232135708751
SWQM-16396,2021-02-17,100.70043313695604
SWQM-16396,2021-02-18,84.79016580444303
SWQM-16396,2021-02-19,37.73281844390796
SWQM-16396,2021-02-20,35.247429057991084
SWQM-16396,2021-02-21,21.033718984509523
SWQM-16396,2021-02-22,15.231106068559823
SWQM-16396,2021-02-23,12.126200282750064
SWQM-16396,2021-02-24,10.546193416740515
SWQM-16396,2021-02-25,10.968249791462796
SWQM-16396,2021-02-26,10.507949060959731
SWQM-16396,2021-02-27,10.94776662597245
SWQM-16396,2021-02-28,10.430605932120002
SWQM-16396,2021-03-01,13.723798966562095
SWQM-16396,2021-03-02,21.01464361889271
SWQM-16396,2021-03-03,13.841834209658392
SWQM-16396,2021-03-04,11.110083696940842
SWQM-16396,2021-03-05,10.519050520364814
SWQM-16396,2021-03-06,9.61426896251194
SWQM-16396,2021-03-07,9.245340605784323
SWQM-16396,2021-03-08,9.011779500609318
SWQM-16396,2021-03-09,8.365233884500467
SWQM-16396,2021-03-10,8.248354729629826
SWQM-16396,2021-03-11,7.648019535486993
SWQM-16396,2021-03-12,10.354610767197203
SWQM-16396,2021-03-13,8.304415613618094
SWQM-16396,2021-03-14,8.88408601508577
SWQM-16396,2021-03-15,8.606057851015894
SWQM-16396,2021-03-16,8.274104395714106
SWQM-16396,2021-03-17,9.31992142399697
SWQM-16396,2021-03-18,11.604136472285118
SWQM-16396,2021-03-19,10.661779578988948
SWQM-16396,2021-03-20,9.739942260022863
SWQM-16396,2021-03-21,8.868867261307036
SWQM-16396,2021-03-22,8.244656298133016
SWQM-16396,2021-03-23,81.59732683550126
SWQM-16396,2021-03-24,20.01761025752102
SWQM-16396,2021-03-25,12.52561263388106
SWQM-16396,2021-03-26,10.352171845221923
SWQM-16396,2021-03-27,9.071733958294725
SWQM-16396,2021-03-28,8.96622852984944
SWQM-16396,2021-03-29,9.326258168450419
SWQM-16396,2021-03-30,8.656379485027523
SWQM-16397,2020-03-03,1.5935102253204332
SWQM-16397,2020-03-04,1.7986256664828237
SWQM-16397,2020-03-05,2.4964591904237663
SWQM-16397,2020-03-06,1.9274236957326705
SWQM-16397,2020-03-07,1.7637859765624027
SWQM-16397,2020-03-08,1.6879544936047104
SWQM-16397,2020-03-09,1.66932903429583
SWQM-16397,2020-03-10,1.6677566749536783
SWQM-16397,2020-03-11,1.7296226994344237
SWQM-16397,2020-03-12,1.7131553586168575
SWQM-16397,2020-03-13,1.6834583323911303
SWQM-16397,2020-03-14,1.6872333394545687
SWQM-16397,2020-03-15,1.7257441684883237
SWQM-16397,2020-03-16,1.7366788023647113
SWQM-16397,2020-03-17,1.7295209919572325
SWQM-16397,2020-03-18,1.7315216781535272
SWQM-16397,2020-03-19,1.7397705549304896
SWQM-16397,2020-03-20,1.8938305596144311
SWQM-16397,2020-03-21,2.600298933719278
SWQM-16397,2020-03-22,10.83638977255099
SWQM-16397,2020-03-23,2.9662342356945794
SWQM-16397,2020-03-24,2.2074509890483474
SWQM-16397,2020-03-25,1.9247952113686468
SWQM-16397,2020-03-26,1.8852176288502795
SWQM-16397,2020-03-27,1.8155997104662451
SWQM-16397,2020-03-28,1.748355070685471
SWQM-16397,2020-03-29,1.7069175788139488
SWQM-16397,2020-03-30,1.682780252182209
SWQM-16397,2020-03-31,1.6992377079709096
SWQM-16397,2020-04-01,1.6828476146148392
SWQM-16397,2020-04-02,1.7208054733523435
SWQM-16397,2020-04-03,2.508620054135982
SWQM-16397,2020-04-04,9.987044536707991
SWQM-16397,2020-04-05,3.284120535378398
SWQM-16397,2020-04-06,2.3489871265350875
SWQM-16397,2020-04-07,2.0734008141260647
SWQM-16397,2020-04-08,1.9789420797680013
SWQM-16397,2020-04-09,2.6160430519027567
SWQM-16397,2020-04-10,6.614048860666302
SWQM-16397,2020-04-11,2.2830439149687436
SWQM-16397,2020-04-12,1.8894287991318228
SWQM-16397,2020-04-13,1.806644795842925
SWQM-16397,2020-04-14,1.8299752397265736
SWQM-16397,2020-04-15,1.8194125419343488
SWQM-16397,2020-04-16,1.7427506630219625
SWQM-16397,2020-04-17,1.7368263619833562
SWQM-16397,2020-04-18,1.7671605033058768
SWQM-16397,2020-04-19,1.7408128821309123
SWQM-16397,2020-04-20,1.7066722461285018
SWQM-16397,2020-04-21,1.736817238921717
SWQM-16397,2020-04-22,3.19416341663769
SWQM-16397,2020-04-23,9.518993827929505
SWQM-16397,2020-04-24,2.3425951006132695
SWQM-16397,2020-04-25,2.0085601441976486
SWQM-16397,2020-04-26,1.9316125249936877
SWQM-16397,2020-04-27,1.894124885077524
SWQM-16397,2020-04-28,1.8895251292446233
SWQM-16397,2020-04-29,2.173334152782815
SWQM-16397,2020-04-30,2.077952753676333
SWQM-16397,2020-05-01,1.9259714820270202
SWQM-16397,2020-05-02,1.8843665712292974
SWQM-16397,2020-05-03,1.730677977930632
SWQM-16397,2020-05-04,1.6401331665605412
SWQM-16397,2020-05-05,1.7057061221886596
SWQM-16397,2020-05-06,1.927600310800197
SWQM-16397,2020-05-07,1.957016561324603
SWQM-16397,2020-05-08,1.9471447035952305
SWQM-16397,2020-05-09,1.9709446323658342
SWQM-16397,2020-05-10,1.9938750581680327
SWQM-16397,2020-05-11,1.9653031886256163
SWQM-16397,2020-05-12,3.805256191992966
SWQM-16397,2020-05-13,5.9949290335888525
SWQM-16397,2020-05-14,2.055058114127111
SWQM-16397,2020-05-15,1.8282396459761905
SWQM-16397,2020-05-16,2.7866859852004224
SWQM-16397,2020-05-17,2.2413386491164635
SWQM-16397,2020-05-18,1.8341599180161716
SWQM-16397,2020-05-19,1.7144335270387647
SWQM-16397,2020-05-20,1.6844473242102906
SWQM-16397,2020-05-21,1.6674035075817286
SWQM-16397,2020-05-22,1.636186742657408
SWQM-16397,2020-05-23,1.5983311893292973
SWQM-16397,2020-05-24,1.5766066228175262
SWQM-16397,2020-05-25,2.0639014130631255
SWQM-16397,2020-05-26,1.8722092336354546
SWQM-16397,2020-05-27,9.514036450799109
SWQM-16397,2020-05-28,39.804884625606185
SWQM-16397,2020-05-29,2.8223823600338473
SWQM-16397,2020-05-30,1.9560169469834867
SWQM-16397,2020-05-31,1.7950383622142798
SWQM-16397,2020-06-01,1.7325393902583914
SWQM-16397,2020-06-02,1.6991441461701224
SWQM-16397,2020-06-03,1.7573604509397036
SWQM-16397,2020-06-04,1.7349038847461002
SWQM-16397,2020-06-05,1.6990835428773379
SWQM-16397,2020-06-06,1.6586972394119623
SWQM-16397,2020-06-07,1.637069146227351
SWQM-16397,2020-06-08,1.5816664441041621
SWQM-16397,2020-06-09,1.5418393775257186
SWQM-16397,2020-06-10,1.5125491708185566
SWQM-16397,2020-06-11,1.4865752940433778
SWQM-16397,2020-06-12,1.4672940456959989
SWQM-16397,2020-06-13,1.45165350669605
SWQM-16397,2020-06-14,1.438530401546446
SWQM-16397,2020-06-15,1.4266189978138932
SWQM-16397,2020-06-16,1.4161656343211102
SWQM-16397,2020-06-17,1.4020238151704147
SWQM-16397,2020-06-18,1.3904073635894871
SWQM-16397,2020-06-19,1.3794173263342766
SWQM-16397,2020-06-20,1.452255996897611
SWQM-16397,2020-06-21,1.4997761400814424
SWQM-16397,2020-06-22,1.514819530724245
SWQM-16397,2020-06-23,1.507387182585214
SWQM-16397,2020-06-24,2.0083473609524187
SWQM-16397,2020-06-25,1.931680189469937
SWQM-16397,2020-06-26,1.6976927333996976
SWQM-16397,2020-06-27,1.6363341630036137
SWQM-16397,2020-06-28,1.5825699095710957
SWQM-16397,2020-06-29,1.557449554276241
SWQM-16397,2020-06-30,1.538742781011732
SWQM-16397,2020-07-01,1.5222386907651422
SWQM-16397,2020-07-02,1.504360223014796
SWQM-16397,2020-07-03,1.4858712472618132
SWQM-16397,2020-07-04,1.464536336342388
SWQM-16397,2020-07-05,1.4488606783028135
SWQM-16397,2020-07-06,1.430400413273967
SWQM-16397,2020-07-07,1.4159194102273887
SWQM-16397,2020-07-08,1.4051027939825302
SWQM-16397,2020-07-09,1.3916226939821086
SWQM-16397,2020-07-10,1.3752741358939469
SWQM-16397,2020-07-11,1.3598033969572263
SWQM-16397,2020-07-12,1.3433023630350316
SWQM-16397,2020-07-13,1.3282443959354422
SWQM-16397,2020-07-14,1.305609687194957
SWQM-16397,2020-07-15,1.2764569522969749
SWQM-16397,2020-07-16,1.2549048520217354
SWQM-16397,2020-07-17,1.2293141514963088
SWQM-16397,2020-07-18,1.2050333370032298
SWQM-16397,2020-07-19,1.1836407130473892
SWQM-16397,2020-07-20,1.1624467472508877
SWQM-16397,2020-07-21,1.143414473634346
SWQM-16397,2020-07-22,1.266332877883239
SWQM-16397,2020-07-23,1.4005514403437633
SWQM-16397,2020-07-24,1.3815220310904863
SWQM-16397,2020-07-25,1.3744051266544337
SWQM-16397,2020-07-26,1.6789070439635545
SWQM-16397,2020-07-27,2.6804952298241433
SWQM-16397,2020-07-28,1.7241456337423229
SWQM-16397,2020-07-29,1.6709525525899684
SWQM-16397,2020-07-30,1.5811395401202153
SWQM-16397,2020-07-31,NA
SWQM-16397,2020-08-01,NA
SWQM-16397,2020-08-02,NA
SWQM-16397,2020-08-03,NA
SWQM-16397,2020-08-04,NA
SWQM-16397,2020-08-05,NA
SWQM-16397,2020-08-06,1.580558538091493
SWQM-16397,2020-08-07,1.5529981157362116
SWQM-16397,2020-08-08,1.5263685372479692
SWQM-16397,2020-08-09,1.500654933773841
SWQM-16397,2020-08-10,1.4727729953797912
SWQM-16397,2020-08-11,1.4467039544507911
SWQM-16397,2020-08-12,1.423451977001023
SWQM-16397,2020-08-13,1.400573553851717
SWQM-16397,2020-08-14,1.375209608943771
SWQM-16397,2020-08-15,1.3455241543447494
SWQM-16397,2020-08-16,1.303720693840463
SWQM-16397,2020-08-17,1.2580963086329546
SWQM-16397,2020-08-18,1.2222278270098965
SWQM-16397,2020-08-19,1.1861525349744872
SWQM-16397,2020-08-20,1.1564470035792374
SWQM-16397,2020-08-21,1.14431179353373
SWQM-16397,2020-08-22,1.1409980004141378
SWQM-16397,2020-08-23,1.1456194583027037
SWQM-16397,2020-08-24,1.1550389829750276
SWQM-16397,2020-08-25,1.1575754244015184
SWQM-16397,2020-08-26,1.154870072250309
SWQM-16397,2020-08-27,1.1565448950306993
SWQM-16397,2020-08-28,1.1573470780785393
SWQM-16397,2020-08-29,1.1569797925556689
SWQM-16397,2020-08-30,1.157750628710242
SWQM-16397,2020-08-31,1.160556990696095
SWQM-16397,2020-09-01,1.1614926968183537
SWQM-16397,2020-09-02,1.1596017959076568
SWQM-16397,2020-09-03,1.1584261890711502
SWQM-16397,2020-09-04,1.2293227845187233
SWQM-16397,2020-09-05,1.9202153271152989
SWQM-16397,2020-09-06,1.8579979971982739
SWQM-16397,2020-09-07,1.7005181385523396
SWQM-16397,2020-09-08,1.5907325431351051
SWQM-16397,2020-09-09,1.5671970803276087
SWQM-16397,2020-09-10,3.5163995403193655
SWQM-16397,2020-09-11,1.9713150921848237
SWQM-16397,2020-09-12,1.695925225576997
SWQM-16397,2020-09-13,1.598505918077506
SWQM-16397,2020-09-14,1.5600030488125693
SWQM-16397,2020-09-15,1.539059147013632
SWQM-16397,2020-09-16,1.5139939626228505
SWQM-16397,2020-09-17,1.6352474727014574
SWQM-16397,2020-09-18,3.005805798663099
SWQM-16397,2020-09-19,1.782945509818719
SWQM-16397,2020-09-20,1.631601676064182
SWQM-16397,2020-09-21,1.5867791842497327
SWQM-16397,2020-09-22,1.7294160777802012
SWQM-16397,2020-09-23,2.7620858211974864
SWQM-16397,2020-09-24,2.0187605636464987
SWQM-16397,2020-09-25,1.7485610735434753
SWQM-16397,2020-09-26,1.6312610459547625
SWQM-16397,2020-09-27,1.5781166498606969
SWQM-16397,2020-09-28,1.5431744859406025
SWQM-16397,2020-09-29,1.5162078551258793
SWQM-16397,2020-09-30,1.4920621864996653
SWQM-16397,2020-10-01,1.4673826019954113
SWQM-16397,2020-10-02,1.4513074905558583
SWQM-16397,2020-10-03,1.43013288437523
SWQM-16397,2020-10-04,1.4095580719784835
SWQM-16397,2020-10-05,1.3938578943138666
SWQM-16397,2020-10-06,1.377317888234647
SWQM-16397,2020-10-07,1.3645595006080729
SWQM-16397,2020-10-08,1.3428276845501221
SWQM-16397,2020-10-09,1.348142668806956
SWQM-16397,2020-10-10,1.3411930698216405
SWQM-16397,2020-10-11,1.3207678995325747
SWQM-16397,2020-10-12,1.2919618293245587
SWQM-16397,2020-10-13,1.2599674802711107
SWQM-16397,2020-10-14,1.2262568443833495
SWQM-16397,2020-10-15,1.2010266730201453
SWQM-16397,2020-10-16,1.1722379846850601
SWQM-16397,2020-10-17,1.1512137717738735
SWQM-16397,2020-10-18,1.1415752943980026
SWQM-16397,2020-10-19,1.1465074084746945
SWQM-16397,2020-10-20,1.1584149787049784
SWQM-16397,2020-10-21,1.1577070271467382
SWQM-16397,2020-10-22,1.1567402782201108
SWQM-16397,2020-10-23,1.1592635480552722
SWQM-16397,2020-10-24,1.1604415958887258
SWQM-16397,2020-10-25,1.1578005585009654
SWQM-16397,2020-10-26,1.1583253893418022
SWQM-16397,2020-10-27,1.1616988493474818
SWQM-16397,2020-10-28,1.1624078192977632
SWQM-16397,2020-10-29,1.1626865885309086
SWQM-16397,2020-10-30,1.1601119275659617
SWQM-16397,2020-10-31,1.1597166946074362
SWQM-16397,2020-11-01,1.1598940025811817
SWQM-16397,2020-11-02,1.1594055417437659
SWQM-16397,2020-11-03,1.1596810054860254
SWQM-16397,2020-11-04,1.1587941187593365
SWQM-16397,2020-11-05,1.159241142310047
SWQM-16397,2020-11-06,1.158788925888904
SWQM-16397,2020-11-07,1.1589634148858106
SWQM-16397,2020-11-08,1.1606747467051617
SWQM-16397,2020-11-09,1.157592196706971
SWQM-16397,2020-11-10,1.1671862193689788
SWQM-16397,2020-11-11,1.1697112501636249
SWQM-16397,2020-11-12,1.1725442550326355
SWQM-16397,2020-11-13,1.172036506023027
SWQM-16397,2020-11-14,1.1715244278281483
SWQM-16397,2020-11-15,1.1722740788377155
SWQM-16397,2020-11-16,1.1750593450842703
SWQM-16397,2020-11-17,1.1757436459281378
SWQM-16397,2020-11-18,1.1726831432937175
SWQM-16397,2020-11-19,1.173743276239527
SWQM-16397,2020-11-20,1.1730893050167208
SWQM-16397,2020-11-21,1.1726845217066568
SWQM-16397,2020-11-22,1.6121980355541456
SWQM-16397,2020-11-23,2.05495023529136
SWQM-16397,2020-11-24,2.0709127611150637
SWQM-16397,2020-11-25,1.9202028961013646
SWQM-16397,2020-11-26,1.856811222484999
SWQM-16397,2020-11-27,1.8922316478809809
SWQM-16397,2020-11-28,1.8271080554502441
SWQM-16397,2020-11-29,1.783938647348966
SWQM-16397,2020-11-30,1.7323011192154956
SWQM-16397,2020-12-01,1.6817738724487654
SWQM-16397,2020-12-02,1.6586397780811033
SWQM-16397,2020-12-03,1.6559640805437446
SWQM-16397,2020-12-04,1.6331908883497595
SWQM-16397,2020-12-05,1.607268258179191
SWQM-16397,2020-12-06,1.5884152552724875
SWQM-16397,2020-12-07,1.5688724935490443
SWQM-16397,2020-12-08,1.5492312242818742
SWQM-16397,2020-12-09,1.5332293127932053
SWQM-16397,2020-12-10,1.5127328064699328
SWQM-16397,2020-12-11,1.505011554900555
SWQM-16397,2020-12-12,1.5165735367634359
SWQM-16397,2020-12-13,1.5119864821458595
SWQM-16397,2020-12-14,1.5035705193969233
SWQM-16397,2020-12-15,1.4803375540446826
SWQM-16397,2020-12-16,1.4759785210740763
SWQM-16397,2020-12-17,1.4609643251887505
SWQM-16397,2020-12-18,1.436917457637853
SWQM-16397,2020-12-19,4.338108840622262
SWQM-16397,2020-12-20,3.185736544391189
SWQM-16397,2020-12-21,2.1917092100916373
SWQM-16397,2020-12-22,1.9045435929399397
SWQM-16397,2020-12-23,1.758545753222341
SWQM-16397,2020-12-24,1.7069128064887906
SWQM-16397,2020-12-25,1.6450491293985896
SWQM-16397,2020-12-26,1.6045788698084962
SWQM-16397,2020-12-27,1.580462737541522
SWQM-16397,2020-12-28,1.568254845100199
SWQM-16397,2020-12-29,1.5585333360320595
SWQM-16397,2020-12-30,1.5674116324772593
SWQM-16397,2020-12-31,9.411451863031937
SWQM-16397,2021-01-01,6.943938852980946
SWQM-16397,2021-01-02,2.515772511087732
SWQM-16397,2021-01-03,2.087229740136408
SWQM-16397,2021-01-04,1.8743336905042098
SWQM-16397,2021-01-05,1.75495540166284
SWQM-16397,2021-01-06,7.254230346714767
SWQM-16397,2021-01-07,12.55943090634363
SWQM-16397,2021-01-08,2.3067715719223476
SWQM-16397,2021-01-09,1.909225598314101
SWQM-16397,2021-01-10,3.26810491580634
SWQM-16397,2021-01-11,8.95395354601364
SWQM-16397,2021-01-12,6.242186915345643
SWQM-16397,2021-01-13,3.261985193463215
SWQM-16397,2021-01-14,1.9836085296935309
SWQM-16397,2021-01-15,1.3451794326359336
SWQM-16397,2021-01-16,1.2899451690512453
SWQM-16397,2021-01-17,1.2658707368000162
SWQM-16397,2021-01-18,1.2508898084178401
SWQM-16397,2021-01-19,1.282517180944339
SWQM-16397,2021-01-20,1.03
SWQM-16397,2021-01-21,1.03
SWQM-16397,2021-01-22,1.03
SWQM-16397,2021-01-23,1.03
SWQM-16397,2021-01-24,1.03
SWQM-16397,2021-01-25,1.0564174176286905
SWQM-16397,2021-01-26,1.4180562592277408
SWQM-16397,2021-01-27,1.8881700112250541
SWQM-16397,2021-01-28,1.6443160923294151
SWQM-16397,2021-01-29,1.537495804825849
SWQM-16397,2021-01-30,1.4410180511943396
SWQM-16397,2021-01-31,1.9962634638909658
SWQM-16397,2021-02-01,1.8995501073333572
SWQM-16397,2021-02-02,2.0714670903119434
SWQM-16397,2021-02-03,1.6937868932857139
SWQM-16397,2021-02-04,1.2587163044449314
SWQM-16397,2021-02-05,1.03
SWQM-16397,2021-02-06,1.03
SWQM-16397,2021-02-07,1.03
SWQM-16397,2021-02-08,1.03
SWQM-16397,2021-02-09,1.03
SWQM-16397,2021-02-10,1.03
SWQM-16397,2021-02-11,1.03
SWQM-16397,2021-02-12,1.03
SWQM-16397,2021-02-13,1.03
SWQM-16397,2021-02-14,1.03
SWQM-16397,2021-02-15,1.03
SWQM-16397,2021-02-16,1.03
SWQM-16397,2021-02-17,2.3463050157957355
SWQM-16397,2021-02-18,3.9585987051971023
SWQM-16397,2021-02-19,3.309900969623775
SWQM-16397,2021-02-20,3.343181007645204
SWQM-16397,2021-02-21,2.6135678750246782
SWQM-16397,2021-02-22,1.3824079059311114
SWQM-16397,2021-02-23,1.03
SWQM-16397,2021-02-24,1.03
SWQM-16397,2021-02-25,1.03
SWQM-16397,2021-02-26,1.03
SWQM-16397,2021-02-27,1.03
SWQM-16397,2021-02-28,1.03
SWQM-16397,2021-03-01,1.03
SWQM-16397,2021-03-02,1.084078878761526
SWQM-16397,2021-03-03,1.03
SWQM-16397,2021-03-04,1.03
SWQM-16397,2021-03-05,1.03
SWQM-16397,2021-03-06,1.03
SWQM-16397,2021-03-07,1.03
SWQM-16397,2021-03-08,1.03
SWQM-16397,2021-03-09,1.03
SWQM-16397,2021-03-10,1.03
SWQM-16397,2021-03-11,1.03
SWQM-16397,2021-03-12,1.03
SWQM-16397,2021-03-13,1.03
SWQM-16397,2021-03-14,1.03
SWQM-16397,2021-03-15,1.03
SWQM-16397,2021-03-16,1.03
SWQM-16397,2021-03-17,1.03
SWQM-16397,2021-03-18,1.03
SWQM-16397,2021-03-19,1.03
SWQM-16397,2021-03-20,1.03
SWQM-16397,2021-03-21,1.03
SWQM-16397,2021-03-22,1.03
SWQM-16397,2021-03-23,2.9461423622605745
SWQM-16397,2021-03-24,2.291756960009461
SWQM-16397,2021-03-25,1.03
SWQM-16397,2021-03-26,1.03
SWQM-16397,2021-03-27,1.03
SWQM-16397,2021-03-28,1.03
SWQM-16397,2021-03-29,1.03
SWQM-16397,2021-03-30,1.03
SWQM-16397,2021-03-31,1.03
SWQM-16882,2020-03-03,0.05100615046539516
SWQM-16882,2020-03-04,12.513304091478336
SWQM-16882,2020-03-05,4.908519845500238
SWQM-16882,2020-03-06,0.05959659603345043
SWQM-16882,2020-03-07,0.05412312122720624
SWQM-16882,2020-03-08,0.051231407899683265
SWQM-16882,2020-03-09,0.05692307573236556
SWQM-16882,2020-03-10,0.06766639514606236
SWQM-16882,2020-03-11,0.0583773308309168
SWQM-16882,2020-03-12,0.0547222760406158
SWQM-16882,2020-03-13,0.052768546755220344
SWQM-16882,2020-03-14,0.05107439646390213
SWQM-16882,2020-03-15,0.0513485297288199
SWQM-16882,2020-03-16,0.05191499443148323
SWQM-16882,2020-03-17,0.05282295735251547
SWQM-16882,2020-03-18,0.052166918407176674
SWQM-16882,2020-03-19,0.05033927477683405
SWQM-16882,2020-03-20,12.490062347186567
SWQM-16882,2020-03-21,19.75380658535932
SWQM-16882,2020-03-22,58.09484154296196
SWQM-16882,2020-03-23,8.304832029003805
SWQM-16882,2020-03-24,0.9454494336810311
SWQM-16882,2020-03-25,0.06099419750538228
SWQM-16882,2020-03-26,0.0561095467177299
SWQM-16882,2020-03-27,0.05346955014632565
SWQM-16882,2020-03-28,0.054714853537562155
SWQM-16882,2020-03-29,0.05225931571721557
SWQM-16882,2020-03-30,0.048801125073549785
SWQM-16882,2020-03-31,0.05147288395969022
SWQM-16882,2020-04-01,0.049843135303546046
SWQM-16882,2020-04-02,0.04939417278116405
SWQM-16882,2020-04-03,6.170157753852807
SWQM-16882,2020-04-04,36.927772171393336
SWQM-16882,2020-04-05,10.784036058602299
SWQM-16882,2020-04-06,0.06309978630266659
SWQM-16882,2020-04-07,0.050683727070725534
SWQM-16882,2020-04-08,0.04875702613982073
SWQM-16882,2020-04-09,13.360873092960619
SWQM-16882,2020-04-10,26.135853792335997
SWQM-16882,2020-04-11,0.23591070030070352
SWQM-16882,2020-04-12,0.05015740321671989
SWQM-16882,2020-04-13,0.05054023132711287
SWQM-16882,2020-04-14,0.048027744876015556
SWQM-16882,2020-04-15,0.0469475345641438
SWQM-16882,2020-04-16,0.04621133152730542
SWQM-16882,2020-04-17,0.04536798906958714
SWQM-16882,2020-04-18,0.043256873887416884
SWQM-16882,2020-04-19,0.043455880465212815
SWQM-16882,2020-04-20,0.04454243918902064
SWQM-16882,2020-04-21,0.0433981179649091
SWQM-16882,2020-04-22,6.8689334804758895
SWQM-16882,2020-04-23,9.863836277736116
SWQM-16882,2020-04-24,0.04695743337442829
SWQM-16882,2020-04-25,0.042461406693285166
SWQM-16882,2020-04-26,0.04154971793442636
SWQM-16882,2020-04-27,0.04139549812911502
SWQM-16882,2020-04-28,0.04106823836889277
SWQM-16882,2020-04-29,10.51047739736603
SWQM-16882,2020-04-30,0.047383224520874144
SWQM-16882,2020-05-01,0.040791579652178125
SWQM-16882,2020-05-02,0.03943192728621623
SWQM-16882,2020-05-03,0.03973209753427268
SWQM-16882,2020-05-04,0.03922219973544273
SWQM-16882,2020-05-05,0.03992004550573377
SWQM-16882,2020-05-06,0.0386724630738133
SWQM-16882,2020-05-07,0.03860842966261429
SWQM-16882,2020-05-08,0.03839526866433451
SWQM-16882,2020-05-09,0.037883985345301845
SWQM-16882,2020-05-10,0.03815077983135566
SWQM-16882,2020-05-11,0.037741691682702964
SWQM-16882,2020-05-12,16.621035402732655
SWQM-16882,2020-05-13,14.781560134845718
SWQM-16882,2020-05-14,0.047835943379691895
SWQM-16882,2020-05-15,0.042306539504123726
SWQM-16882,2020-05-16,22.6869236175502
SWQM-16882,2020-05-17,1.9238056959736174
SWQM-16882,2020-05-18,0.0454854464952475
SWQM-16882,2020-05-19,0.042585451982552154
SWQM-16882,2020-05-20,0.04218054476248613
SWQM-16882,2020-05-21,0.04111726679216185
SWQM-16882,2020-05-22,0.041484488981345644
SWQM-16882,2020-05-23,0.04006025610421468
SWQM-16882,2020-05-24,0.039800219607411105
SWQM-16882,2020-05-25,0.041369778572338325
SWQM-16882,2020-05-26,0.04064252851090637
SWQM-16882,2020-05-27,22.153132832042022
SWQM-16882,2020-05-28,101.38277366308013
SWQM-16882,2020-05-29,1.9315349695564363
SWQM-16882,2020-05-30,0.047259347541835646
SWQM-16882,2020-05-31,0.043789377142258216
SWQM-16882,2020-06-01,0.044290016237867186
SWQM-16882,2020-06-02,0.04380661460498583
SWQM-16882,2020-06-03,0.04295309460317792
SWQM-16882,2020-06-04,0.04329242608865103
SWQM-16882,2020-06-05,0.04384607231863754
SWQM-16882,2020-06-06,0.04150228941885789
SWQM-16882,2020-06-07,0.041816146752901996
SWQM-16882,2020-06-08,0.04142514797076684
SWQM-16882,2020-06-09,0.040882883969273906
SWQM-16882,2020-06-10,0.04004114782736484
SWQM-16882,2020-06-11,0.04031348601179953
SWQM-16882,2020-06-12,0.03984757244440579
SWQM-16882,2020-06-13,0.0390595804450081
SWQM-16882,2020-06-14,0.03869190137146133
SWQM-16882,2020-06-15,0.03899560774344255
SWQM-16882,2020-06-16,0.03916201791026225
SWQM-16882,2020-06-17,0.03890102187279659
SWQM-16882,2020-06-18,0.03895899218672348
SWQM-16882,2020-06-19,0.03981473702237719
SWQM-16882,2020-06-20,7.8980878687017055
SWQM-16882,2020-06-21,1.751478040766925
SWQM-16882,2020-06-22,0.061125264160049805
SWQM-16882,2020-06-23,1.3143721705857274
SWQM-16882,2020-06-24,39.603378640308165
SWQM-16882,2020-06-25,1.4976629853099044
SWQM-16882,2020-06-26,1.7409828363523911
SWQM-16882,2020-06-27,0.042690533487107545
SWQM-16882,2020-06-28,0.04196359252953887
SWQM-16882,2020-06-29,0.04063692899576802
SWQM-16882,2020-06-30,0.03997456912049695
SWQM-16882,2020-07-01,0.03986534413009615
SWQM-16882,2020-07-02,0.03995277524982889
SWQM-16882,2020-07-03,0.03941855083133491
SWQM-16882,2020-07-04,0.03822396959798346
SWQM-16882,2020-07-05,0.0387045345031019
SWQM-16882,2020-07-06,0.03923697795163186
SWQM-16882,2020-07-07,0.03967682664661194
SWQM-16882,2020-07-08,0.04011826863678034
SWQM-16882,2020-07-09,0.03944729420824005
SWQM-16882,2020-07-10,0.0392621702793035
SWQM-16882,2020-07-11,0.039604815233777964
SWQM-16882,2020-07-12,0.03989271821731381
SWQM-16882,2020-07-13,0.0399984032894852
SWQM-16882,2020-07-14,0.03902916811998637
SWQM-16882,2020-07-15,0.04034641658353518
SWQM-16882,2020-07-16,0.0397816702478941
SWQM-16882,2020-07-17,0.03919179434967475
SWQM-16882,2020-07-18,0.03876209116037621
SWQM-16882,2020-07-19,0.038816205712087555
SWQM-16882,2020-07-20,0.03918637845920703
SWQM-16882,2020-07-21,0.03945618761922488
SWQM-16882,2020-07-22,0.039520542688373045
SWQM-16882,2020-07-23,0.03937678580217223
SWQM-16882,2020-07-24,0.03932198611895395
SWQM-16882,2020-07-25,0.039594878405812925
SWQM-16882,2020-07-26,0.043431238538371456
SWQM-16882,2020-07-27,0.040009952650574984
SWQM-16882,2020-07-28,0.04027883458616846
SWQM-16882,2020-07-29,0.039576968700197994
SWQM-16882,2020-07-30,0.04145113649996343
SWQM-16882,2020-07-31,0.05039267543790667
SWQM-16882,2020-08-01,3.8984385534143557
SWQM-16882,2020-08-02,0.045356870160239836
SWQM-16882,2020-08-03,0.044612213652040114
SWQM-16882,2020-08-04,0.04442509313557961
SWQM-16882,2020-08-05,0.04302369593499601
SWQM-16882,2020-08-06,0.04229295501993844
SWQM-16882,2020-08-07,0.04288029265987369
SWQM-16882,2020-08-08,0.043187239023195385
SWQM-16882,2020-08-09,0.042511732694208305
SWQM-16882,2020-08-10,0.04302611008628976
SWQM-16882,2020-08-11,0.043893573433922764
SWQM-16882,2020-08-12,0.04349697146497702
SWQM-16882,2020-08-13,0.043904775782836636
SWQM-16882,2020-08-14,0.0443238108194218
SWQM-16882,2020-08-15,0.04308794309921898
SWQM-16882,2020-08-16,0.04285386316998796
SWQM-16882,2020-08-17,0.04308194411654079
SWQM-16882,2020-08-18,0.04414689174943909
SWQM-16882,2020-08-19,0.04319305719564394
SWQM-16882,2020-08-20,0.042679538654596574
SWQM-16882,2020-08-21,0.04258318417296339
SWQM-16882,2020-08-22,0.04278566395174091
SWQM-16882,2020-08-23,0.04167660751659668
SWQM-16882,2020-08-24,0.04179023410697351
SWQM-16882,2020-08-25,0.04218968594553967
SWQM-16882,2020-08-26,0.043109358249819735
SWQM-16882,2020-08-27,0.04291148079995356
SWQM-16882,2020-08-28,0.04307860992194189
SWQM-16882,2020-08-29,0.04268609087181973
SWQM-16882,2020-08-30,0.043637935767109684
SWQM-16882,2020-08-31,0.04385260405227353
SWQM-16882,2020-09-01,0.043411167752631284
SWQM-16882,2020-09-02,0.042491053736803445
SWQM-16882,2020-09-03,5.273209339533498
SWQM-16882,2020-09-04,20.575746807575715
SWQM-16882,2020-09-05,16.315969719765032
SWQM-16882,2020-09-06,6.857635657557194
SWQM-16882,2020-09-07,0.049257319317077435
SWQM-16882,2020-09-08,0.046613315944351655
SWQM-16882,2020-09-09,4.463101123963116
SWQM-16882,2020-09-10,23.952523846557305
SWQM-16882,2020-09-11,0.05243928922095824
SWQM-16882,2020-09-12,0.046240482910459874
SWQM-16882,2020-09-13,0.0452170235422022
SWQM-16882,2020-09-14,0.044258255894679355
SWQM-16882,2020-09-15,0.04483561819056582
SWQM-16882,2020-09-16,0.043481815328358306
SWQM-16882,2020-09-17,0.042988488901288854
SWQM-16882,2020-09-18,0.044268903330286186
SWQM-16882,2020-09-19,0.04359795670924515
SWQM-16882,2020-09-20,0.04355093506148699
SWQM-16882,2020-09-21,0.044233844480103486
SWQM-16882,2020-09-22,11.41702348872682
SWQM-16882,2020-09-23,17.7657959268301
SWQM-16882,2020-09-24,0.048944106711692616
SWQM-16882,2020-09-25,0.04460408100731174
SWQM-16882,2020-09-26,0.042973578248565784
SWQM-16882,2020-09-27,0.04242798940789509
SWQM-16882,2020-09-28,0.04229439184022276
SWQM-16882,2020-09-29,0.04401131969272385
SWQM-16882,2020-09-30,0.04351183845538244
SWQM-16882,2020-10-01,0.042466699726707746
SWQM-16882,2020-10-02,0.042954802661198214
SWQM-16882,2020-10-03,0.04245455785628509
SWQM-16882,2020-10-04,0.04243213549859465
SWQM-16882,2020-10-05,0.042896071435619465
SWQM-16882,2020-10-06,0.04236012876671635
SWQM-16882,2020-10-07,0.04264694947760263
SWQM-16882,2020-10-08,0.041372061049317566
SWQM-16882,2020-10-09,0.04344430237112885
SWQM-16882,2020-10-10,0.042805785378105886
SWQM-16882,2020-10-11,0.041249568246514365
SWQM-16882,2020-10-12,0.041706953655871015
SWQM-16882,2020-10-13,0.04355210342236858
SWQM-16882,2020-10-14,0.04156883007175053
SWQM-16882,2020-10-15,0.0418904418265692
SWQM-16882,2020-10-16,0.04294993277332082
SWQM-16882,2020-10-17,0.0413525103331234
SWQM-16882,2020-10-18,0.04171174116840108
SWQM-16882,2020-10-19,0.04266566839863502
SWQM-16882,2020-10-20,0.04169958832013835
SWQM-16882,2020-10-21,0.04152748480260091
SWQM-16882,2020-10-22,0.04150008581916674
SWQM-16882,2020-10-23,6.533586113360872
SWQM-16882,2020-10-24,9.393866446868062
SWQM-16882,2020-10-25,2.2521544294868856
SWQM-16882,2020-10-26,1.7152937036763134
SWQM-16882,2020-10-27,1.9204970425214405
SWQM-16882,2020-10-28,2.8721868180648427
SWQM-16882,2020-10-29,4.492643548920161
SWQM-16882,2020-10-30,2.953278092699526
SWQM-16882,2020-10-31,2.6028074407175814
SWQM-16882,2020-11-01,2.1377261071507787
SWQM-16882,2020-11-02,2.6829234005781477
SWQM-16882,2020-11-03,2.300718807311172
SWQM-16882,2020-11-04,2.072812450172201
SWQM-16882,2020-11-05,1.574893894220901
SWQM-16882,2020-11-06,2.0597927601238992
SWQM-16882,2020-11-07,2.195379419928465
SWQM-16882,2020-11-08,1.7249315783261814
SWQM-16882,2020-11-09,1.2786797735559368
SWQM-16882,2020-11-10,1.3895211506953096
SWQM-16882,2020-11-11,0.3201972469759339
SWQM-16882,2020-11-12,0.25712910634733627
SWQM-16882,2020-11-13,0.19163323770736945
SWQM-16882,2020-11-14,0.15562627615688665
SWQM-16882,2020-11-15,0.49843518997842073
SWQM-16882,2020-11-16,1.1948324210696881
SWQM-16882,2020-11-17,1.2891448839858592
SWQM-16882,2020-11-18,0.8838218157079936
SWQM-16882,2020-11-19,0.5305881501821279
SWQM-16882,2020-11-20,0.16473306664498524
SWQM-16882,2020-11-21,0.1644000404652704
SWQM-16882,2020-11-22,0.16695908567103604
SWQM-16882,2020-11-23,0.36430481151978256
SWQM-16882,2020-11-24,0.15384706461641112
SWQM-16882,2020-11-25,0.6398832919256761
SWQM-16882,2020-11-26,1.1216158933210232
SWQM-16882,2020-11-27,0.36748174928302113
SWQM-16882,2020-11-28,0.49923850793940144
SWQM-16882,2020-11-29,3.0233731635361942
SWQM-16882,2020-11-30,2.2796705949671687
SWQM-16882,2020-12-01,1.288271944809797
SWQM-16882,2020-12-02,0.24255369346737485
SWQM-16882,2020-12-03,1.3321623966682647
SWQM-16882,2020-12-04,0.3999591069554981
SWQM-16882,2020-12-05,0.22724502171714475
SWQM-16882,2020-12-06,0.8549543163074781
SWQM-16882,2020-12-07,1.573521000546179
SWQM-16882,2020-12-08,1.6839314467353979
SWQM-16882,2020-12-09,1.7352015781227965
SWQM-16882,2020-12-10,1.1834798513582112
SWQM-16882,2020-12-11,1.3858719785534033
SWQM-16882,2020-12-12,1.6898011486516171
SWQM-16882,2020-12-13,1.1419557792392594
SWQM-16882,2020-12-14,1.5121397070785185
SWQM-16882,2020-12-15,1.33404025637889
SWQM-16882,2020-12-16,1.3720588686365973
SWQM-16882,2020-12-17,1.3190857422036608
SWQM-16882,2020-12-18,1.2188602315445543
SWQM-16882,2020-12-19,23.091276607461097
SWQM-16882,2020-12-20,3.3253844107006465
SWQM-16882,2020-12-21,1.749745372466515
SWQM-16882,2020-12-22,1.4004503935478596
SWQM-16882,2020-12-23,1.3099974866552384
SWQM-16882,2020-12-24,1.4566371073271371
SWQM-16882,2020-12-25,1.3234154311684645
SWQM-16882,2020-12-26,1.1708935290617632
SWQM-16882,2020-12-27,1.0849539531488535
SWQM-16882,2020-12-28,1.186578571840181
SWQM-16882,2020-12-29,1.1938495692258277
SWQM-16882,2020-12-30,1.2818011912825715
SWQM-16882,2020-12-31,55.526190886165516
SWQM-16882,2021-01-01,5.1804297747366315
SWQM-16882,2021-01-02,1.974764219020444
SWQM-16882,2021-01-03,1.5473923387695383
SWQM-16882,2021-01-04,1.4405012707241995
SWQM-16882,2021-01-05,1.5431332475477215
SWQM-16882,2021-01-06,28.82809733486978
SWQM-16882,2021-01-07,5.965547916673348
SWQM-16882,2021-01-08,2.157099755947888
SWQM-16882,2021-01-09,1.633233710882741
SWQM-16882,2021-01-10,13.826640731288283
SWQM-16882,2021-01-11,19.564545466300302
SWQM-16882,2021-01-12,6.630765966373082
SWQM-16882,2021-01-13,3.3206972381808675
SWQM-16882,2021-01-14,2.2880395655413723
SWQM-16882,2021-01-15,1.8992147786214466
SWQM-16882,2021-01-16,1.6996602731553556
SWQM-16882,2021-01-17,1.5799232241625736
SWQM-16882,2021-01-18,1.509819286434862
SWQM-16882,2021-01-19,1.5822952362775884
SWQM-16882,2021-01-20,1.6090870663526329
SWQM-16882,2021-01-21,1.5095813152539184
SWQM-16882,2021-01-22,1.5600458369880221
SWQM-16882,2021-01-23,1.5617858960121016
SWQM-16882,2021-01-24,1.4858860364260982
SWQM-16882,2021-01-25,1.5636870853737466
SWQM-16882,2021-01-26,1.6470180674037098
SWQM-16882,2021-01-27,1.536926409027466
SWQM-16882,2021-01-28,1.6168175708933874
SWQM-16882,2021-01-29,1.5157869051381583
SWQM-16882,2021-01-30,1.5007000178393328
SWQM-16882,2021-01-31,1.5813552062110912
SWQM-16882,2021-02-01,1.6504893087091181
SWQM-16882,2021-02-02,1.6147106142474443
SWQM-16882,2021-02-03,1.515636561309091
SWQM-16882,2021-02-04,1.4481293904306864
SWQM-16882,2021-02-05,1.718064224160802
SWQM-16882,2021-02-06,1.5723795633659985
SWQM-16882,2021-02-07,1.631921016060967
SWQM-16882,2021-02-08,1.4944308651740525
SWQM-16882,2021-02-09,1.6451015709937975
SWQM-16882,2021-02-10,1.6554973268507922
SWQM-16882,2021-02-11,1.6288408387645101
SWQM-16882,2021-02-12,1.6461580914584442
SWQM-16882,2021-02-13,1.5899168033399063
SWQM-16882,2021-02-14,1.5498601695146994
SWQM-16882,2021-02-15,1.4969622246043706
SWQM-16882,2021-02-16,1.628767275243905
SWQM-16882,2021-02-17,18.074002469021682
SWQM-16882,2021-02-18,7.326144912255732
SWQM-16882,2021-02-19,3.822026667788762
SWQM-16882,2021-02-20,3.2504766320159693
SWQM-16882,2021-02-21,2.124237969826626
SWQM-16882,2021-02-22,1.8730113311872378
SWQM-16882,2021-02-23,1.6558262184681405
SWQM-16882,2021-02-24,1.4881207828583898
SWQM-16882,2021-02-25,1.6237732756711623
SWQM-16882,2021-02-26,1.5870669968490672
SWQM-16882,2021-02-27,1.520312570038609
SWQM-16882,2021-02-28,1.540105893946856
SWQM-16882,2021-03-01,2.300777816700735
SWQM-16882,2021-03-02,2.8997374820331667
SWQM-16882,2021-03-03,1.9524496173052235
SWQM-16882,2021-03-04,1.6273390718135565
SWQM-16882,2021-03-05,1.5794759418366477
SWQM-16882,2021-03-06,1.5237263961663368
SWQM-16882,2021-03-07,1.479059441280519
SWQM-16882,2021-03-08,1.432836688906107
SWQM-16882,2021-03-09,1.3341891114799143
SWQM-16882,2021-03-10,1.3108714641257562
SWQM-16882,2021-03-11,1.2232261942259675
SWQM-16882,2021-03-12,1.2299021885000645
SWQM-16882,2021-03-13,1.2768385341470543
SWQM-16882,2021-03-14,1.451969187681472
SWQM-16882,2021-03-15,1.3141505905069273
SWQM-16882,2021-03-16,1.2343792501842892
SWQM-16882,2021-03-17,1.404991211769962
SWQM-16882,2021-03-18,1.6147462289813475
SWQM-16882,2021-03-19,1.522001870249468
SWQM-16882,2021-03-20,1.476097934205813
SWQM-16882,2021-03-21,1.352575011122233
SWQM-16882,2021-03-22,1.2504084170033105
SWQM-16882,2021-03-23,13.539530095051667
SWQM-16882,2021-03-24,2.0987865810179582
SWQM-16882,2021-03-25,1.7227515657622268
SWQM-16882,2021-03-26,1.568481794856574
SWQM-16882,2021-03-27,1.3701395292610876
SWQM-16882,2021-03-28,1.381306265030579
SWQM-16882,2021-03-29,1.4674327513570478
SWQM-16882,2021-03-30,1.3346934074177719
SWQM-16882,2021-03-31,1.490995691319322
